comp,mean_ident,mean_sim,cluster
contig_1156-JAAOBB010000017.1,0.541764705882353,0.646764705882353,109_0
contig_1156-MN856006,0.530740740740741,0.642592592592593,109_0
JAAOBB010000017.1-MN856006,0.819512195121951,0.859268292682927,109_0
