comp,mean_ident,mean_sim,cluster
contig_1822-contig_2536,0.741764705882353,0.783823529411765,157_0
contig_1822-JAAOBB010000024.1,0.872857142857143,0.91,157_0
contig_1822-MN856037,0.893333333333333,0.920555555555556,157_0
contig_2536-JAAOBB010000024.1,0.802432432432432,0.835135135135135,157_0
contig_2536-MN856037,0.7953125,0.8265625,157_0
JAAOBB010000024.1-MN856037,0.915384615384615,0.927692307692308,157_0
