comp,mean_ident,mean_sim,cluster
contig_837-JAAOBB010000161.1,0.518181818181818,0.658181818181818,293_0
contig_837-MN855627,0.464,0.606,293_0
JAAOBB010000161.1-MN855627,0.804,0.808,293_0
