comp,mean_ident,mean_sim,cluster
contig_830-JAAOBB010000172.1,0.456,0.598666666666667,7_0
contig_830-MN855956,0.916363636363636,0.924545454545455,7_0
JAAOBB010000172.1-MN855956,0.466,0.608,7_0
